rec_id,season,town,zone_use,building_type,trade_date,total_price,land_area_ping,building_area_ping,area_ping,unit_price_ping,address,is_land_only,is_special
6924093490150055249,115S2,埤頭鄉,特定農業區,其他,1150511,36000.0,8.17,0.0,8.17,4406.0,嘉和段796地號,True,True
3007057967307904042,115S2,埤頭鄉,特定農業區,其他,1150513,1284600.0,431.8,0.0,431.8,2975.0,彰興段1219地號,True,False
3118842311467694900,115S2,埤頭鄉,特定農業區,其他,1150513,1284700.0,431.8,0.0,431.8,2975.0,彰興段1219-1地號,True,False
2735071637728350942,115S2,埔鹽鄉,住,其他,1150506,379120.0,10.92,0.0,10.92,34718.0,永明段527地號,True,True
2188926127445978338,115S2,溪湖鎮,鄉村區,其他,1150513,488680.0,11.19,0.0,11.19,43671.0,西安段944-5地號,True,True
8761863312311044656,115S2,埔心鄉,商,華廈(10層含以下有電梯),1150502,3700000.0,6.64,36.68,36.68,100872.0,彰化縣埔心鄉育英路５號三樓,False,False
6631011679212299833,115S2,埔鹽鄉,鄉村區,其他,1150515,3847853.0,66.34,0.0,66.34,58002.0,和平段429地號,True,False
5654545724086255585,115S2,埔鹽鄉,鄉村區,其他,1150515,197633.0,2.82,0.0,2.82,70083.0,和平段434地號,True,False
7042883344850678215,115S2,溪湖鎮,特定農業區,其他,1150505,3000000.0,320.95,0.0,320.95,9347.0,中興段1166地號,True,False
974498756334567654,115S2,秀水鄉,鄉村區,其他,1150509,755000.0,25.18,0.0,25.18,29984.0,秀安段1235地號,True,True
8084284208391535243,115S2,溪湖鎮,農,其他,1150514,1700000.0,138.09,0.0,138.09,12311.0,西溪段103-1地號,True,True
3779184870989767290,115S2,埔鹽鄉,特定農業區,其他,1150519,2600000.0,376.31,0.0,376.31,6909.0,南興段451-3地號,True,True
342383884206888170,115S2,埤頭鄉,鄉村區,其他,1150519,6435129.0,383.42,0.0,383.42,16783.0,嘉和段961地號,True,False
2920744832504643464,115S2,埔鹽鄉,鄉村區,其他,1150518,421383.0,12.04,0.0,12.04,34999.0,成功段545-135地號,True,True
8511177648111337047,115S2,溪湖鎮,特定農業區,其他,1150519,233300.0,41.6,0.0,41.6,5608.0,中東段1231地號,True,True
3944600283671208364,115S2,溪湖鎮,住,華廈(10層含以下有電梯),1150509,7600000.0,12.57,40.75,40.75,186503.0,彰化縣溪湖鎮興學街６９號,False,False
1703410551978170328,115S2,埔心鄉,特定農業區,其他,1150514,2200000.0,235.13,0.0,235.13,9357.0,太平西段929地號,True,False
8624121611038745614,115S2,埔心鄉,住,華廈(10層含以下有電梯),1150511,7860000.0,8.38,28.08,28.08,279915.0,彰化縣埔心鄉大信街１３號三樓之１,False,False
6058331842115199899,115S2,埤頭鄉,特定農業區,其他,1150401,1430000.0,119.34,0.0,119.34,11983.0,和豐段667地號,True,True
2976936205139606161,115S2,溪湖鎮,住,其他,1150401,10000.0,0.16,0.0,0.16,62500.0,北勢段328地號,True,True
616120094798078405,115S2,溪湖鎮,特定農業區,其他,1150402,3000000.0,31.1,0.0,31.1,96463.0,西安段 129地號,True,False
5499282221675101305,115S2,溪湖鎮,商,透天厝,1150405,10500000.0,15.43,49.49,49.49,212164.0,彰化縣溪湖鎮彰水路三段２９８號,False,False
6497743018319184975,115S2,埤頭鄉,住,華廈(10層含以下有電梯),1150407,6700000.0,10.02,32.41,32.41,206726.0,彰化縣埤頭鄉華泰三街５８號二樓之１,False,False
7402926659864429336,115S2,埤頭鄉,鄉村區,其他,1150416,2200000.0,58.68,0.0,58.68,37491.0,光華段324-1地號,True,False
152044930091781213,115S2,秀水鄉,特定農業區,透天厝,1150410,10800000.0,35.56,49.35,49.35,218845.0,彰化縣秀水鄉新興街２０９之１０號,False,False
5037440478746033257,115S2,埔鹽鄉,特定農業區,其他,1150403,15800000.0,1191.85,0.0,1191.85,13257.0,成功段1085地號,True,False
6017000394932895696,115S2,秀水鄉,鄉村區,其他,1150415,800000.0,14.07,0.0,14.07,56859.0,曾厝段788-2地號,True,False
7716428476423024338,115S2,埔心鄉,住,透天厝,1150409,12500000.0,44.76,74.18,74.18,168509.0,彰化縣埔心鄉大興街２２號,False,False
1619568226565623515,115S2,埤頭鄉,鄉村區,其他,1150420,584150.0,16.7,0.0,16.7,34979.0,光華段389地號,True,True
2734267716423980384,115S2,埤頭鄉,鄉村區,其他,1150420,1752450.0,50.09,0.0,50.09,34986.0,光華段389-1地號,True,True
2756145111671270059,115S2,溪湖鎮,特定農業區,其他,1150410,1170290.0,13.73,0.0,13.73,85236.0,河興段155地號,True,True
8664123578251834826,115S2,溪湖鎮,住,透天厝,1150406,5300000.0,25.41,33.35,33.35,158921.0,彰化縣溪湖鎮興學北街４１號,False,False
5619628188589932127,115S2,秀水鄉,住,透天厝,1150407,26500000.0,29.21,33.3,33.3,795796.0,彰化縣秀水鄉彰水路二段４５４號,False,False
3960862990092478424,115S2,溪湖鎮,住,透天厝,1150404,8600000.0,25.41,49.65,49.65,173212.0,彰化縣溪湖鎮華中三街１４號,False,False
144551464335984221,115S2,埔心鄉,住,華廈(10層含以下有電梯),1150413,7600000.0,9.92,26.67,26.67,284964.0,彰化縣埔心鄉永坡路三段４２０號五樓之３,False,False
3842587537994385730,115S2,溪湖鎮,鄉村區,透天厝,1150413,4000000.0,26.32,28.19,28.19,141894.0,彰化縣溪湖鎮大溪路一段６１９巷７１弄２２號,False,False
8697736378913836818,115S2,埤頭鄉,鄉村區,透天厝,1150416,12800000.0,39.69,59.01,59.01,216912.0,彰化縣埤頭鄉十號路４８７號,False,False
3936827783215314333,115S2,秀水鄉,鄉村區,其他,1150423,2347200.0,78.25,0.0,78.25,29996.0,下崙段671地號,True,True
9060268379129861458,115S2,秀水鄉,特定農業區,透天厝,1150414,1000000.0,26.01,37.0,37.0,27027.0,彰化縣秀水鄉民意街３９５巷１６之８號,False,True
9158494236881400096,115S2,埤頭鄉,住,華廈(10層含以下有電梯),1150401,5750000.0,8.18,27.05,27.05,212569.0,彰化縣埤頭鄉華泰三街６０號五樓之２,False,False
3851793652869947544,115S2,埔心鄉,住,華廈(10層含以下有電梯),1150408,7350000.0,11.27,32.2,32.2,228261.0,彰化縣埔心鄉中正路二段１３６號四樓之１,False,False
3855848596545995335,115S2,埔心鄉,住,華廈(10層含以下有電梯),1150413,7380000.0,11.04,31.57,31.57,233766.0,彰化縣埔心鄉中正路二段１３６號五樓之２,False,False
2551162618945534649,115S2,埔心鄉,鄉村區,其他,1150423,3920000.0,65.79,0.0,65.79,59584.0,瓦窯南段95-6地號,True,False
7312231941622787317,115S2,溪湖鎮,農,透天厝,1150420,11550000.0,32.2,49.22,49.22,234661.0,彰化縣溪湖鎮崙子路頂庄巷２７弄８號,False,False
4057692824250298205,115S2,埔鹽鄉,特定農業區,其他,1150408,2687500.0,325.19,0.0,325.19,8264.0,成功段273地號,True,True
7377102703480381148,115S2,埔心鄉,特定農業區,住宅大樓(11層含以上有電梯),1150412,8600000.0,8.66,37.29,37.29,230625.0,彰化縣埔心鄉東明路１３２巷１８號二樓之５,False,False
6019529087722977417,115S2,秀水鄉,鄉村區,其他,1150408,5000000.0,28.13,0.0,28.13,177746.0,西興段962-11地號,True,False
8639196319457390143,115S2,埔鹽鄉,住,透天厝,1150407,10200000.0,32.06,56.22,56.22,181430.0,彰化縣埔鹽鄉中正路１８５之１１號,False,False
7387362819268691405,115S2,溪湖鎮,特定農業區,其他,1150408,5560000.0,288.89,0.0,288.89,19246.0,河興段549地號,True,True
1665045025931682528,115S2,溪湖鎮,鄉村區,透天厝,1150423,7780000.0,32.31,56.01,56.01,138904.0,彰化縣溪湖鎮員鹿路四段鳳厝巷１１弄１１號,False,False
2053164134979940508,115S2,埔心鄉,都市：其他:道路用地,其他,1150430,130000.0,26.32,0.0,26.32,4939.0,東門段569地號,True,False
7974287350692159575,115S2,秀水鄉,住,透天厝,1150423,12800000.0,31.47,50.37,50.37,254120.0,彰化縣秀水鄉彰水路一段９巷３２弄２１號,False,False
9204554436242319340,115S2,埤頭鄉,特定農業區,其他,1150421,3500000.0,287.1,0.0,287.1,12191.0,埔心段773-2地號,True,False
1597427699049901375,115S2,秀水鄉,特定農業區,其他,1150423,34920000.0,1588.73,0.0,1588.73,21980.0,馬興段1510地號,True,False
8744033001985202039,115S2,秀水鄉,住,透天厝,1150430,13000000.0,42.9,46.72,46.72,278253.0,彰化縣秀水鄉民意街２６６巷８弄１號,False,False
6129975726532159165,115S2,溪湖鎮,住,透天厝,1150404,6200000.0,40.13,37.32,37.32,166131.0,彰化縣溪湖鎮員鹿路後溪巷１７之１３號,False,False
3613099989804887301,115S2,埔心鄉,住,華廈(10層含以下有電梯),1150402,7400000.0,11.27,32.2,32.2,229814.0,彰化縣埔心鄉中正路二段１３６號三樓之１,False,False
1479266342521172825,115S2,溪湖鎮,特定農業區,其他,1150427,2907050.0,351.75,0.0,351.75,8265.0,新厝段316-5地號,True,False
2973245861115307082,115S2,溪湖鎮,住,透天厝,1150410,8300000.0,27.22,49.35,49.35,168186.0,彰化縣溪湖鎮弘農二街６１號,False,False
2535758409576966727,115S2,秀水鄉,特定農業區,其他,1150420,7000000.0,266.5,0.0,266.5,26266.0,金興段1486-2地號,True,False
3542391273877180617,115S2,秀水鄉,住,其他,1150408,27000000.0,480.93,0.0,480.93,56141.0,秀水段183-9地號,True,False
3285113297104270812,115S2,秀水鄉,住,其他,1150420,4700000.0,81.13,0.0,81.13,57932.0,秀水段180地號,True,False
6634725443509209022,115S2,溪湖鎮,住,透天厝,1150404,8470000.0,26.32,49.82,49.82,170012.0,彰化縣溪湖鎮地政路５１巷２弄１６號,False,False
5752903939718763784,115S2,溪湖鎮,住,華廈(10層含以下有電梯),1150420,4000000.0,6.2,14.99,14.99,266845.0,彰化縣溪湖鎮富仁街３１號,False,True
5385776868804980361,115S2,埔心鄉,其他,其他,1150429,850000.0,5.1,0.0,5.1,166667.0,義民段590地號,True,False
7140349277917340110,115S2,埔心鄉,其他,其他,1150429,850000.0,5.1,0.0,5.1,166667.0,義民段590地號,True,False
9151227688656002293,115S2,秀水鄉,特定農業區,其他,1150403,10000000.0,756.25,0.0,756.25,13223.0,埔崙段824地號,True,False
5891908551520574158,115S2,秀水鄉,鄉村區,其他,1150415,2347200.0,78.25,0.0,78.25,29996.0,下崙段671地號,True,False
6457886005633547189,115S2,埔心鄉,住,華廈(10層含以下有電梯),1150429,8800000.0,13.26,39.16,39.16,224719.0,彰化縣埔心鄉育英二街１１號二樓之２,False,False
3976973765525960164,115S2,埔心鄉,住,華廈(10層含以下有電梯),1150419,8300000.0,11.27,32.39,32.39,256252.0,彰化縣埔心鄉中正路二段１３６號二樓之３,False,False
7855738413450172875,115S2,埔心鄉,特定農業區,其他,1150411,8200000.0,972.65,0.0,972.65,8431.0,二重段1323地號,True,False
6940806279828922223,115S2,秀水鄉,住,透天厝,1150402,13230000.0,39.13,58.02,58.02,228025.0,彰化縣秀水鄉安東巷１２２之１８號,False,False
2105229038563109872,115S2,埔心鄉,特定農業區,其他,1150301,13000000.0,952.87,0.0,952.87,13643.0,瓦窯北段396-6地號,True,False
3778062299512965941,115S2,溪湖鎮,特定農業區,其他,1150309,929220.0,165.35,0.0,165.35,5620.0,中東段812地號,True,False
4855903109790747421,115S2,溪湖鎮,住,其他,1150302,12100.0,0.3,0.0,0.3,40333.0,北勢段328地號,True,False
3514581154059436013,115S2,埤頭鄉,鄉村區,其他,1150311,566700.0,18.89,0.0,18.89,30000.0,新埤頭段818地號,True,False
2527117730326306751,115S2,埤頭鄉,鄉村區,透天厝,1150313,4200000.0,24.32,40.89,40.89,102715.0,彰化縣埤頭鄉竹和路２１８巷６號,False,False
2518878050451934937,115S2,秀水鄉,特定農業區,其他,1150315,1000000.0,54.7,0.0,54.7,18282.0,東興段875地號,True,False
3542876373095524902,115S2,埔鹽鄉,鄉村區,其他,1150312,6600000.0,87.0,0.0,87.0,75862.0,新水段424-7地號,True,True
5628227767547629796,115S2,埤頭鄉,鄉村區,其他,1150316,411300.0,13.72,0.0,13.72,29978.0,新埤頭段818地號,True,False
1563217062100456186,115S2,埔心鄉,鄉村區,住宅大樓(11層含以上有電梯),1150306,8280000.0,7.66,37.59,37.59,220271.0,彰化縣埔心鄉員鹿路一段２２８號二樓之７,False,False
859112290926947915,115S2,埔鹽鄉,都市：其他:停車場用地,其他,1150322,990000.0,13.16,0.0,13.16,75228.0,永明段55地號,True,False
1087918309353011928,115S2,埔心鄉,特定農業區,其他,1150302,910000.0,110.08,0.0,110.08,8267.0,太平西段880地號,True,True
5993706996207821015,115S2,埤頭鄉,鄉村區,其他,1150323,411600.0,13.72,0.0,13.72,30000.0,新埤頭段818地號,True,False
6330797234765530368,115S2,埔鹽鄉,鄉村區,其他,1150304,93900.0,3.12,0.0,3.12,30096.0,永興段303地號,True,True
4374410415622389832,115S2,秀水鄉,農,其他,1150317,2904000.0,60.5,0.0,60.5,48000.0,埔崙段386地號,True,True
3977214001514595828,115S2,埤頭鄉,特定農業區,其他,1150320,3150000.0,403.23,0.0,403.23,7812.0,中和段1036地號,True,False
8861637503341464931,115S2,埔心鄉,特定農業區,其他,1150310,3000000.0,351.42,0.0,351.42,8537.0,仁華段167地號,True,True
5818874865694960942,115S2,埔心鄉,鄉村區,其他,1150302,92928.0,0.73,0.0,0.73,127299.0,太平西段810-28地號,True,False
3504245629010883780,115S2,埤頭鄉,鄉村區,其他,1150305,5200000.0,167.91,0.0,167.91,30969.0,稻香段17-17地號,True,False
264200714693268969,115S2,埤頭鄉,特定農業區,其他,1150319,3000000.0,1043.64,0.0,1043.64,2875.0,新崙子段278地號,True,False
3929014559552072513,115S2,埔心鄉,特定農業區,其他,1150316,1420000.0,26.39,0.0,26.39,53808.0,仁華段553地號,True,True
776271061795505816,115S2,溪湖鎮,特定農業區,其他,1150323,2516415.0,138.4,0.0,138.4,18182.0,三興段662地號,True,False
7998973619092157618,115S2,埔心鄉,住,其他,1150320,2500000.0,31.21,0.0,31.21,80103.0,霖鳳段604-3地號,True,False
304507698372262731,115S2,秀水鄉,鄉村區,透天厝,1150308,11200000.0,19.9,48.9,48.9,229039.0,彰化縣秀水鄉長安巷７６之１號,False,False
9202893213454541724,115S2,埔鹽鄉,特定農業區,其他,1150327,750000.0,161.33,0.0,161.33,4649.0,和平段582地號,True,True
3426662220441018016,115S2,溪湖鎮,住,其他,1150313,26998.0,0.48,0.0,0.48,56246.0,西寮段196地號,True,False
1618094683975824193,115S2,溪湖鎮,商,透天厝,1150304,3100000.0,10.32,4.46,4.46,695067.0,彰化縣溪湖鎮彰水路三段３５９號,False,True
6285883296303834877,115S2,埔心鄉,農,其他,1150317,900000.0,66.25,0.0,66.25,13585.0,東門段1339-3地號,True,False
4069288484733713605,115S2,秀水鄉,住,其他,1150309,781320.0,4.63,0.0,4.63,168752.0,秀福段675-2地號,True,False
8469412079219550742,115S2,埤頭鄉,鄉村區,透天厝,1150316,5150000.0,22.34,38.11,38.11,135135.0,彰化縣埤頭鄉光復路６６巷３２號,False,False
7249473490996554770,115S2,溪湖鎮,住,其他,1150312,3150000.0,12.55,0.0,12.55,250996.0,富貴段40地號,True,False
2751760991982752867,115S2,秀水鄉,鄉村區,其他,1150311,2260000.0,40.76,0.0,40.76,55447.0,下崙段571地號,True,True
6753409610400179020,115S2,埤頭鄉,鄉村區,其他,1150327,500000.0,12.1,0.0,12.1,41322.0,中和段728地號,True,False
3076424558624846998,115S2,埤頭鄉,特定農業區,其他,1150324,243000.0,21.0,0.0,21.0,11571.0,豐崙段356地號,True,False
2191209085027983290,115S2,埔鹽鄉,特定農業區,其他,1150319,3800000.0,100.63,0.0,100.63,37762.0,和平段78地號,True,False
6459658445538477604,115S2,埔心鄉,農,其他,1150306,316999.0,3.08,0.0,3.08,102922.0,新興段948-2地號,True,False
5475042462947530325,115S2,埤頭鄉,鄉村區,透天厝,1150310,4530000.0,26.79,34.39,34.39,131724.0,彰化縣埤頭鄉溪林路２６１巷１０弄１４號,False,False
3956369733646582795,115S2,埔心鄉,特定農業區,其他,1150317,412540.0,51.32,0.0,51.32,8039.0,仁華段353地號,True,False
6542355168885380025,115S2,溪湖鎮,鄉村區,其他,1150310,2265750.0,47.7,0.0,47.7,47500.0,河興段690地號,True,True
426165962424499686,115S2,埤頭鄉,特定農業區,其他,1150307,6300000.0,733.97,0.0,733.97,8583.0,大湖段1308地號,True,False
323902827496228413,115S2,溪湖鎮,商,透天厝,1150324,26500000.0,31.35,116.79,116.79,226903.0,彰化縣溪湖鎮地政路２３６號,False,False
6138679682160770704,115S2,溪湖鎮,特定農業區,其他,1150306,10000000.0,915.36,0.0,915.36,10925.0,中興段1096地號,True,False
4330996083687018440,115S2,溪湖鎮,住,華廈(10層含以下有電梯),1150314,4700000.0,5.58,30.95,30.95,151858.0,彰化縣溪湖鎮彰水路四段１４８巷３號十樓之一,False,False
7437839009096056738,115S2,埔心鄉,農,透天厝,1150310,12400000.0,33.77,50.59,50.59,245108.0,彰化縣埔心鄉武訓路１２７巷１號,False,False
377174027798150217,115S2,埤頭鄉,鄉村區,其他,1150320,4000000.0,83.19,0.0,83.19,48083.0,嘉和段415-37地號,True,False
9163461400376631082,115S2,埤頭鄉,住,其他,1150305,16000000.0,68.11,0.0,68.11,234914.0,合興段1012-4地號,True,False
7402494568382950554,115S2,埔鹽鄉,特定農業區,其他,1150322,3200000.0,302.8,0.0,302.8,10568.0,成功段1167地號,True,False
7334825586687162451,115S2,秀水鄉,鄉村區,透天厝,1150314,11200000.0,20.65,49.65,49.65,225579.0,彰化縣秀水鄉長安巷７６號,False,False
6274399701741298335,115S2,埤頭鄉,住,透天厝,1150311,13000000.0,35.63,73.38,73.38,177160.0,彰化縣埤頭鄉華泰三街６２號,False,False
4644352259762463428,115S2,溪湖鎮,農,其他,1150327,5145466.0,555.89,0.0,555.89,9256.0,中山段986地號,True,False
1536450402684528511,115S2,溪湖鎮,商,透天厝,1150330,26000000.0,27.79,103.84,103.84,250385.0,彰化縣溪湖鎮地政路２３０號,False,False
4586899923989177169,115S2,埔鹽鄉,特定農業區,其他,1150330,7870000.0,850.33,0.0,850.33,9255.0,和平段1182地號,True,False
2462801921693969910,115S2,埤頭鄉,特定農業區,其他,1150327,3000000.0,137.74,0.0,137.74,21780.0,溪底段590地號,True,False
3819315814298251571,115S2,溪湖鎮,農,透天厝,1150320,11850000.0,34.89,53.01,53.01,223543.0,彰化縣溪湖鎮崙子路頂庄巷２７弄１１號,False,False
2716077949279397569,115S2,秀水鄉,鄉村區,其他,1150306,507276.0,16.91,0.0,16.91,29999.0,秀安段1083地號,True,True
5821020186392962388,115S2,溪湖鎮,特定農業區,華廈(10層含以下有電梯),1150315,8500000.0,14.97,43.18,43.18,196850.0,彰化縣溪湖鎮二溪路大突巷３３之８號二樓,False,False
1982845164918122848,115S2,秀水鄉,農,其他,1150329,2400000.0,156.69,0.0,156.69,15317.0,馬鳴段680-1地號,True,False
7690496596499395328,115S2,埤頭鄉,鄉村區,透天厝,1150308,8880000.0,17.59,43.21,43.21,205508.0,彰化縣埤頭鄉福德路１８６巷２號,False,False
7107148184684984602,115S2,溪湖鎮,住,其他,1150331,3176910.0,35.71,16.25,16.25,195502.0,大溪路２段２０２號,False,True
4807931734759934467,115S2,秀水鄉,特定農業區,其他,1150305,38000.0,1.91,0.0,1.91,19895.0,馬鳴段1027地號,True,False
3906977128782019990,115S2,秀水鄉,鄉村區,透天厝,1150309,9680000.0,22.99,47.68,47.68,203020.0,彰化縣秀水鄉圳岸巷２之３號,False,False
26274469254841048,115S2,埔心鄉,特定農業區,其他,1150318,7080000.0,494.89,0.0,494.89,14306.0,霖鳳段55-3地號,True,False
2589984263240600923,115S2,秀水鄉,特定農業區,其他,1150331,3025400.0,39.98,0.0,39.98,75673.0,金興段321-9地號,True,True
6454421587757900927,115S2,埔鹽鄉,住,透天厝,1150313,15280000.0,48.71,47.05,47.05,324761.0,彰化縣埔鹽鄉彰水路一段９７之１號,False,False
2102241279258592436,115S2,溪湖鎮,農,其他,1150319,627082.0,20.16,0.0,20.16,31105.0,東溪段42-3地號,True,False
5252512358231466268,115S2,秀水鄉,特定農業區,其他,1150329,16800000.0,998.25,0.0,998.25,16829.0,馬興段630地號,True,False
3828540742811508693,115S2,埔心鄉,住,華廈(10層含以下有電梯),1150319,6500000.0,8.35,20.69,20.69,314161.0,彰化縣埔心鄉永坡路三段４２０號五樓之２,False,False
8956765498069789098,115S2,埔心鄉,農,其他,1150306,1671336.0,16.22,0.0,16.22,103042.0,新興段933-2地號,True,False
5212585922915992115,115S2,埔心鄉,農,其他,1150306,802627.0,7.79,0.0,7.79,103033.0,新興段933-1地號,True,False
2138107664682253483,115S2,溪湖鎮,特定農業區,其他,1150322,47000000.0,330.93,0.0,330.93,142024.0,鳳山段186地號,True,False
5960906270500112688,115S2,溪湖鎮,農,透天厝,1150307,9500000.0,26.9,34.44,34.44,275842.0,彰化縣溪湖鎮湳底路８巷７弄２６號,False,False
6532288995479046858,115S2,溪湖鎮,住,華廈(10層含以下有電梯),1150320,8580000.0,11.09,23.2,23.2,369828.0,彰化縣溪湖鎮大道街４５號五樓,False,False
7175426012906587940,115S2,埔心鄉,特定農業區,其他,1150331,4270000.0,358.56,0.0,358.56,11909.0,仁華段407地號,True,False
8060852981633928828,115S2,埔心鄉,農,透天厝,1150312,12680000.0,32.69,47.58,47.58,266499.0,彰化縣埔心鄉羅厝路三段２２１巷１１號,False,False
3404453672385968175,115S2,埔心鄉,特定農業區,其他,1150319,1300000.0,168.31,0.0,168.31,7724.0,仁華段434地號,True,True
6454654339040930215,115S2,溪湖鎮,住,透天厝,1150328,6020000.0,32.47,33.21,33.21,181271.0,彰化縣溪湖鎮培英三街５號,False,False
6995924642148526586,115S2,埤頭鄉,鄉村區,透天厝,1150308,12550000.0,32.23,53.54,53.54,234404.0,彰化縣埤頭鄉稻香路４６４巷２９號,False,False
1868811539841387834,115S2,埤頭鄉,特定農業區,其他,1150312,431116.0,6.92,0.0,6.92,62300.0,和豐段1208地號,True,False
8902527844030690479,115S2,埔鹽鄉,工,透天厝,1150315,8000000.0,40.31,51.84,51.84,154321.0,彰化縣埔鹽鄉彰水路一段１９２巷２１號,False,False
7318471428774265833,115S2,埔鹽鄉,特定農業區,其他,1150327,6000000.0,594.41,0.0,594.41,10094.0,大義段83地號,True,True
1026283613633514274,115S2,秀水鄉,特定農業區,其他,1150311,13000000.0,970.12,0.0,970.12,13400.0,合興段923地號,True,False
1723755531700108275,115S2,溪湖鎮,特定農業區,其他,1150304,5343000.0,538.75,0.0,538.75,9917.0,顯光段607地號,True,False
2956373945365496340,115S2,埔鹽鄉,特定農業區,其他,1150313,7750000.0,892.37,0.0,892.37,8685.0,新水段535地號,True,False
304008313349143031,115S2,溪湖鎮,住,其他,1150319,1692000.0,11.28,0.0,11.28,150000.0,北勢段1404地號,True,False
530189867342979624,115S2,溪湖鎮,住,其他,1150319,2820000.0,18.8,0.0,18.8,150000.0,北勢段1404地號,True,False
1230545351500180055,115S2,埔心鄉,鄉村區,透天厝,1150311,6500000.0,37.24,47.9,47.9,135699.0,彰化縣埔心鄉建國路６８之１號,False,True
7439028436251925223,115S2,埔鹽鄉,鄉村區,透天厝,1150306,10500000.0,45.8,48.67,48.67,215739.0,彰化縣埔鹽鄉好金路１巷８之３２號,False,False
8923532355474365179,115S2,埔心鄉,鄉村區,透天厝,1150311,5500000.0,26.23,33.89,33.89,162290.0,彰化縣埔心鄉新路２３１巷４弄２２之１號,False,False
3021919630581883479,115S2,埔鹽鄉,住,華廈(10層含以下有電梯),1150322,6550000.0,10.98,30.13,30.13,217391.0,彰化縣埔鹽鄉中正路７４之１號五樓之１,False,False
8676905859797792961,115S2,秀水鄉,鄉村區,透天厝,1150331,16300000.0,28.74,57.88,57.88,281617.0,彰化縣秀水鄉安北巷８０之２號,False,False
1660293272163115633,115S2,秀水鄉,住,其他,1150330,8980000.0,42.05,0.0,42.05,213555.0,秀水段227-41地號,True,False
2719503920493655887,115S2,埔鹽鄉,特定農業區,其他,1150204,336980.0,50.97,0.0,50.97,6611.0,光明段1721地號,True,False
142619273194639897,115S2,埔心鄉,農,其他,1150201,3489600.0,150.15,0.0,150.15,23241.0,新興段508-1地號,True,False
1672022831334679990,115S2,埔心鄉,農,其他,1150201,3489600.0,34.9,0.0,34.9,99989.0,新興段507-3地號,True,False
8427695200817592652,115S2,埔鹽鄉,特定農業區,其他,1150223,3843500.0,339.4,0.0,339.4,11324.0,東榮段2158地號,True,False
1376155605905470817,115S2,溪湖鎮,住,其他,1150226,5970000.0,19.9,0.0,19.9,300000.0,平和段941-4地號,True,False
429136110414615311,115S2,埤頭鄉,住,其他,1150202,14300000.0,199.1,0.0,199.1,71823.0,平原段343地號,True,False
2398868241456677558,115S2,埤頭鄉,住,其他,1150202,31730000.0,423.06,0.0,423.06,75001.0,平原段352地號,True,False
6572450086892681433,115S2,埤頭鄉,住,其他,1150202,6500000.0,56.23,0.0,56.23,115597.0,永豐段608地號,True,False
5109576469315735670,115S2,溪湖鎮,鄉村區,透天厝,1150212,17000000.0,41.82,81.03,81.03,209799.0,彰化縣溪湖鎮鎮安路６３之２號,False,False
3243055196540899015,115S2,埔心鄉,住,其他,1150212,1500000.0,28.74,0.0,28.74,52192.0,霖興段634地號,True,False
357937238394516806,115S2,埔心鄉,特定農業區,其他,1150209,1905150.0,146.55,0.0,146.55,13000.0,太平西段555地號,True,False
2991420763602374741,115S2,埤頭鄉,特定農業區,其他,1150201,5750000.0,599.06,0.0,599.06,9598.0,合興段637地號,True,False
9021123601947936332,115S2,埤頭鄉,鄉村區,透天厝,1150207,9500000.0,42.09,51.07,51.07,186019.0,彰化縣埤頭鄉福德路１８６巷１２號,False,False
8147213085923434702,115S2,埔心鄉,特定農業區,其他,1150204,1237460.0,153.95,0.0,153.95,8038.0,仁華段353地號,True,False
8099970436723288237,115S2,溪湖鎮,農,透天厝,1150211,11800000.0,30.35,54.37,54.37,217031.0,彰化縣溪湖鎮員鹿路後溪巷４２之１７號,False,False
433388968412465164,115S2,秀水鄉,農,其他,1150223,18600000.0,711.88,0.0,711.88,26128.0,秀水段138-2地號,True,False
739121559659559229,115S2,埔心鄉,住,華廈(10層含以下有電梯),1150211,9480000.0,9.24,23.96,23.96,395659.0,彰化縣埔心鄉明泉街１７５號三樓之３,False,False
1519200364278464959,115S2,秀水鄉,商,其他,1150209,4667669.0,19.72,0.0,19.72,236697.0,福安段454-4地號,True,False
1849253901201220146,115S2,埔心鄉,農,其他,1150205,3390000.0,121.1,0.0,121.1,27993.0,新段798-9地號,True,False
3100162552108417797,115S2,溪湖鎮,住,華廈(10層含以下有電梯),1150221,7150000.0,8.54,24.71,24.71,289357.0,彰化縣溪湖鎮富貴五街２１號三樓之７,False,False
5793576405911895775,115S2,埔鹽鄉,鄉村區,透天厝,1150206,8800000.0,28.84,43.84,43.84,200730.0,彰化縣埔鹽鄉光明路一段６８之２號,False,False
5265424673353373633,115S2,埤頭鄉,鄉村區,透天厝,1150223,16000000.0,194.94,59.4,59.4,269360.0,彰化縣埤頭鄉平原路３６５之２號,False,False
6015232733446306932,115S2,埔鹽鄉,鄉村區,其他,1150210,3388360.0,73.66,0.0,73.66,46000.0,石埤段343地號,True,True
8934245847779911216,115S2,埔心鄉,鄉村區,住宅大樓(11層含以上有電梯),1150224,8800000.0,7.8,38.05,38.05,231275.0,彰化縣埔心鄉員鹿路一段２２８號三樓之６,False,False
2910458031748837395,115S2,溪湖鎮,農,其他,1150225,4200000.0,324.28,0.0,324.28,12952.0,頂庄段845地號,True,False
8591508011849635071,115S2,秀水鄉,住,其他,1150224,3200000.0,45.13,0.0,45.13,70906.0,秀安段698地號,True,False
3471791705622400146,115S2,埔鹽鄉,鄉村區,其他,1150211,1080000.0,9.98,0.0,9.98,108216.0,新東榮段810地號,True,True
4002333624558084302,115S2,埔心鄉,農,其他,1150203,3100000.0,189.67,0.0,189.67,16344.0,東門段1389地號,True,False
3081217364075842384,115S2,秀水鄉,特定農業區,其他,1150225,252000.0,4.0,0.0,4.0,63000.0,曾厝段1042-2地號,True,False
3393568267769510202,115S2,秀水鄉,其他,其他,1150202,3333291.0,49.83,0.0,49.83,66893.0,新西興段39地號,True,False
6753017329397518695,115S2,溪湖鎮,住,華廈(10層含以下有電梯),1150226,7700000.0,11.27,28.09,28.09,274119.0,彰化縣溪湖鎮大公十三街６６號五樓之３,False,False
7368544760905026684,115S2,秀水鄉,特定農業區,其他,1150225,3700000.0,485.66,0.0,485.66,7618.0,下崙段1156地號,True,True
5098378708572551037,115S2,秀水鄉,農,其他,1150201,1070850.0,35.69,0.0,35.69,30004.0,西興段1624地號,True,False
6979568205172283448,115S2,秀水鄉,農,其他,1150201,10729150.0,754.74,0.0,754.74,14216.0,西興段1624-1地號,True,False
5045056088422923934,115S2,溪湖鎮,住,華廈(10層含以下有電梯),1150204,9300000.0,11.65,29.21,29.21,318384.0,彰化縣溪湖鎮富貴五街２８號二樓之５,False,False
6277292542348573842,115S2,埔鹽鄉,住,透天厝,1150225,20000000.0,32.16,86.58,86.58,231000.0,彰化縣埔鹽鄉中正二路２５號,False,False
4927631654288260467,115S2,溪湖鎮,特定農業區,其他,1150224,6330000.0,567.19,0.0,567.19,11160.0,中興段697地號,True,False
5730925453801503855,115S2,溪湖鎮,住,透天厝,1150130,7300000.0,22.69,53.18,53.18,137270.0,彰化縣溪湖鎮大公路４７號,False,False
5761326678976030857,115S2,埔鹽鄉,住,透天厝,1150109,13380000.0,47.74,59.21,59.21,225975.0,彰化縣埔鹽鄉員鹿路二段１１７巷２８弄１３號,False,False
520123649672367299,115S2,埔鹽鄉,住,其他,1150112,2000000.0,28.02,0.0,28.02,71378.0,新永昌段1361地號,True,False
903956508299740950,115S2,溪湖鎮,鄉村區,其他,1150126,3580000.0,112.49,0.0,112.49,31825.0,西安段960地號,True,False
9108121960169516123,115S2,埤頭鄉,特定農業區,其他,1150114,3200000.0,542.53,0.0,542.53,5898.0,稻香段374-3地號,True,False
1477843083719774827,115S2,溪湖鎮,農,透天厝,1150121,11200000.0,29.59,44.03,44.03,254372.0,彰化縣溪湖鎮湳底路８巷１７弄１６號,False,False
8246374387048394583,115S2,埔心鄉,特定農業區,透天厝,1150129,10450000.0,38.06,44.73,44.73,233624.0,彰化縣埔心鄉仁華路３９巷２５之２２號,False,False
215814164985643421,115S2,埔心鄉,住,透天厝,1150124,8300000.0,32.97,35.98,35.98,230684.0,彰化縣埔心鄉中正路一段３８１巷１３號,False,False
8655848357053375620,115S2,埔鹽鄉,農,其他,1150102,6600000.0,470.08,0.0,470.08,14040.0,永昌段627地號,True,False
1568997567056611142,115S2,埔心鄉,住,華廈(10層含以下有電梯),1150121,10480000.0,9.24,26.96,26.96,388724.0,彰化縣埔心鄉明泉街１７５號四樓之３,False,False
4422307037277248999,115S2,溪湖鎮,住,透天厝,1150102,10350000.0,48.1,75.81,75.81,136526.0,彰化縣溪湖鎮弘農六街８３號,False,False
2475192413312443773,115S2,秀水鄉,住,其他,1150127,179200.0,2.25,0.0,2.25,79644.0,秀安段894地號,True,False
2834521467603240115,115S2,埔心鄉,特定農業區,透天厝,1150112,12000000.0,44.9,44.73,44.73,268276.0,彰化縣埔心鄉仁華路３９巷２５之５號,False,False
9042230450300787723,115S2,秀水鄉,特定農業區,其他,1150101,10000000.0,441.65,0.0,441.65,22642.0,金興段1670地號,True,False
5764251503991211104,115S2,秀水鄉,鄉村區,其他,1150114,9850000.0,136.68,0.0,136.68,72066.0,秀安段1211地號,True,False
2974721351324075702,115S2,秀水鄉,工,透天厝,1150113,58000000.0,211.76,60.27,60.27,962336.0,彰化縣秀水鄉彰水路二段１０２巷５８弄７號,False,False
6112491296888288162,115S2,秀水鄉,鄉村區,透天厝,1150131,11200000.0,19.75,48.9,48.9,229039.0,彰化縣秀水鄉長安巷７６之２號,False,False
4196757366765714274,115S2,埤頭鄉,鄉村區,透天厝,1150131,9680000.0,45.05,48.32,48.32,200331.0,彰化縣埤頭鄉福德路１８６巷１６號,False,False
5201972538720897629,115S2,溪湖鎮,住,華廈(10層含以下有電梯),1150130,7800000.0,10.15,25.47,25.47,306243.0,彰化縣溪湖鎮富貴五街２８號二樓之２,False,False
6436586674078034692,115S2,溪湖鎮,特定農業區,其他,1150120,15540000.0,1410.86,0.0,1410.86,11015.0,河興段211地號,True,False
5486986405736315855,115S2,埔心鄉,特定農業區,其他,1150127,8500000.0,570.68,0.0,570.68,14895.0,梧鳳段481地號,True,False
3690666618567911264,115S2,埔鹽鄉,鄉村區,其他,1150127,13030000.0,214.72,0.0,214.72,60684.0,新東榮段806地號,True,False
5149250776575591965,115S2,埔鹽鄉,特定農業區,透天厝,1150127,4000000.0,23.7,29.85,29.85,134003.0,彰化縣埔鹽鄉中山路１８巷１３號,False,True
5810311657317910213,115S2,秀水鄉,住,透天厝,1150108,15300000.0,33.32,49.25,49.25,310660.0,彰化縣秀水鄉花秀路１６０之１號,False,False
2014025074679405009,115S2,溪湖鎮,住,透天厝,1150116,24000000.0,63.7,86.24,86.24,278293.0,彰化縣溪湖鎮水源北街１６號,False,False
1957573370976575355,115S2,秀水鄉,特定農業區,透天厝,1150103,75000000.0,519.69,61.23,61.23,1224890.0,彰化縣秀水鄉彰馬街５６號,False,False
2211585591059439412,115S2,埔心鄉,農,透天厝,1150110,12680000.0,32.38,47.58,47.58,266499.0,彰化縣埔心鄉羅厝路三段２２１巷９號,False,False
462512064909906998,115S2,埔心鄉,農,透天厝,1150114,12680000.0,33.41,47.58,47.58,266499.0,彰化縣埔心鄉羅厝路三段２２１巷１８號,False,False
2107986047239930799,115S2,埔心鄉,農,透天厝,1150107,12680000.0,34.59,47.58,47.58,266499.0,彰化縣埔心鄉羅厝路三段２２１巷２號,False,False
53605107917165240,115S2,埔心鄉,農,透天厝,1150109,12680000.0,34.5,47.58,47.58,266499.0,彰化縣埔心鄉羅厝路三段２２１巷１５號,False,False
7594454808929237387,115S2,埔心鄉,農,透天厝,1150107,12380000.0,33.11,45.79,45.79,270365.0,彰化縣埔心鄉羅厝路三段２２１巷１號,False,False
433834985820597593,115S2,埔心鄉,農,透天厝,1150109,12680000.0,33.13,47.58,47.58,266499.0,彰化縣埔心鄉羅厝路三段２２１巷１３號,False,False
7394414525559942678,115S2,埔心鄉,農,透天厝,1150110,12880000.0,33.45,54.88,54.88,234694.0,彰化縣埔心鄉羅厝路三段２１５號,False,False
3169569450194510017,115S2,埔心鄉,農,透天厝,1150110,13080000.0,30.96,58.06,58.06,225284.0,彰化縣埔心鄉羅厝路三段２１７號,False,False
5966085665206936768,115S2,埔心鄉,農,透天厝,1150113,12680000.0,33.17,47.58,47.58,266499.0,彰化縣埔心鄉羅厝路三段２２１巷６號,False,False
5077856876314364895,115S2,埔心鄉,農,透天厝,1150113,12680000.0,33.26,47.58,47.58,266499.0,彰化縣埔心鄉羅厝路三段２２１巷１０號,False,False
3675988161245342487,115S2,埔心鄉,農,透天厝,1150109,12680000.0,35.45,47.58,47.58,266499.0,彰化縣埔心鄉羅厝路三段２２１巷２０號,False,False
462868310902390708,115S2,埔心鄉,農,透天厝,1150107,12680000.0,33.5,47.58,47.58,266499.0,彰化縣埔心鄉羅厝路三段２２１巷１６號,False,False
4392261657727874533,115S2,埔心鄉,農,透天厝,1150119,12680000.0,33.4,47.58,47.58,266499.0,彰化縣埔心鄉羅厝路三段２２１巷１２號,False,False
4460743405112671456,115S2,溪湖鎮,特定農業區,透天厝,1150127,14600000.0,31.72,51.92,51.92,281202.0,彰化縣溪湖鎮彰水路二段４２０巷１６８號,False,False
4844161243034218954,115S2,溪湖鎮,住,其他,1150122,10700000.0,37.64,0.0,37.64,284272.0,富貴段40-1地號,True,False
1793755655884328819,115S2,秀水鄉,住,透天厝,1150124,19980000.0,33.18,71.48,71.48,279519.0,彰化縣秀水鄉枋林巷７１之９號,False,False
7943507916460313109,115S2,溪湖鎮,住,其他,1150117,23961000.0,97.8,0.0,97.8,245000.0,大竹段775地號,True,False
408840912434916837,115S2,埔鹽鄉,特定農業區,其他,1150129,2500000.0,302.5,0.0,302.5,8264.0,三省段1048地號,True,False
8795345581399562397,115S2,埔鹽鄉,特定農業區,透天厝,1150106,72000000.0,453.75,837.0,837.0,86022.0,彰化縣埔鹽鄉員鹿路一段１２９號,False,False
4186882831556061567,115S2,埔心鄉,鄉村區,其他,1150111,5680000.0,41.42,0.0,41.42,137132.0,太平西段810-23地號,True,False
2823244165777815980,115S2,埔鹽鄉,特定農業區,透天厝,1150112,11200000.0,27.22,54.63,54.63,205016.0,彰化縣埔鹽鄉好金路３１之１７號,False,False
1883586578903451366,115S2,秀水鄉,特定農業區,其他,1141231,3539160.0,34.18,0.0,34.18,103545.0,馬興段1282地號,True,False
5136698649982166528,115S2,埔鹽鄉,特定農業區,其他,1141217,293930.0,15.85,0.0,15.85,18544.0,成功段1996-14地號,True,False
2524182071409065825,115S2,秀水鄉,都市：其他:道路用地,其他,1141231,6942048.0,86.77,0.0,86.77,80005.0,埔崙段622-1地號,True,False
5580875098743353729,115S2,埔鹽鄉,鄉村區,其他,1141208,70000.0,4.63,0.0,4.63,15119.0,和平段386-10地號,True,False
2931299034225885013,115S2,埔心鄉,住,華廈(10層含以下有電梯),1141223,13150000.0,9.2,51.97,51.97,253031.0,彰化縣埔心鄉員林大道七段８１號三樓之１,False,False
5308940585298086651,115S2,埤頭鄉,都市：其他:道路用地,其他,1141201,398695.0,6.05,0.0,6.05,65900.0,永豐段644地號,True,False
3466433899743409038,115S2,溪湖鎮,農,其他,1141224,249376.0,23.57,0.0,23.57,10580.0,北勢段931-1地號,True,False
609789415589217398,115S2,溪湖鎮,商,透天厝,1141207,17000000.0,73.81,46.32,46.32,367012.0,彰化縣溪湖鎮平和街１８１號,False,False
3839489986278483970,115S2,溪湖鎮,住,透天厝,1141224,5700000.0,26.62,48.64,48.64,117188.0,彰化縣溪湖鎮尚德街５８巷４號,False,False
9122879257926594487,115S2,埔心鄉,住,華廈(10層含以下有電梯),1141211,8800000.0,11.09,36.36,36.36,242024.0,彰化縣埔心鄉大信街１３號四樓之２,False,False
3000927577756994087,115S2,埔心鄉,住,華廈(10層含以下有電梯),1141208,8800000.0,11.09,36.36,36.36,242024.0,彰化縣埔心鄉大信街１３號二樓之２,False,False
296515159549285753,115S2,埔心鄉,住,華廈(10層含以下有電梯),1141215,8800000.0,11.09,36.36,36.36,242024.0,彰化縣埔心鄉大信街１３號五樓之２,False,False
8410060877571232150,115S2,埔心鄉,住,華廈(10層含以下有電梯),1141211,7800000.0,8.38,28.08,28.08,277778.0,彰化縣埔心鄉大信街１３號二樓之１,False,False
3267170871293510989,115S2,溪湖鎮,住,華廈(10層含以下有電梯),1141221,2850000.0,3.06,16.96,16.96,168042.0,彰化縣溪湖鎮彰水路四段１４８巷３號十樓之二,False,False
2180388001546344176,115S2,埔心鄉,住,華廈(10層含以下有電梯),1141215,12000000.0,15.01,41.41,41.41,289785.0,彰化縣埔心鄉永坡路三段４２０號五樓之１,False,False
3488149460560482036,115S2,秀水鄉,鄉村區,透天厝,1141225,7000000.0,21.39,37.72,37.72,185578.0,彰化縣秀水鄉水尾巷１３３弄１５號,False,False
7415753683899707749,115S2,埔心鄉,農,透天厝,1141227,11390000.0,516.37,78.8,78.8,144543.0,彰化縣埔心鄉仁和路１０３號,False,True
1303151765277040654,115S2,埔心鄉,農,透天厝,1141227,3440000.0,172.12,26.27,26.27,130948.0,彰化縣埔心鄉仁和路１０３號,False,True
1988163000034012599,115S2,溪湖鎮,特定農業區,透天厝,1141229,13580000.0,28.01,53.35,53.35,254545.0,彰化縣溪湖鎮彰水路四段４８２巷２１弄３號,False,False
715355197393522857,115S2,溪湖鎮,鄉村區,透天厝,1141230,10000000.0,56.73,58.68,58.68,170416.0,彰化縣溪湖鎮員鹿路四段６９１號,False,False
4606408883141782555,115S2,埔心鄉,鄉村區,其他,1141213,4680000.0,41.34,0.0,41.34,113208.0,太平西段805地號,True,False
4411250957269781085,115S2,溪湖鎮,住,透天厝,1141231,6000000.0,40.84,70.59,70.59,84998.0,彰化縣溪湖鎮太平街２０５號,False,True
4502011154561174118,115S2,埔心鄉,特定農業區,透天厝,1141217,11680000.0,50.91,52.01,52.01,224572.0,彰化縣埔心鄉五通南路２５７巷１０號,False,False
6240943171744494600,115S2,溪湖鎮,住,華廈(10層含以下有電梯),1141209,9800000.0,11.56,30.68,30.68,319426.0,彰化縣溪湖鎮大竹一街１５號五樓,False,False
2674565652693156403,115S2,溪湖鎮,農,其他,1141224,2325000.0,68.06,0.0,68.06,34161.0,湳底段404-1地號,True,False
8538790045579345763,115S2,溪湖鎮,農,其他,1141224,4175000.0,122.21,0.0,122.21,34163.0,湳底段404地號,True,False
8090217988940232513,115S2,溪湖鎮,特定農業區,其他,1141228,15000000.0,645.84,0.0,645.84,23226.0,西安段501地號,True,False
8850693960996002843,115S2,秀水鄉,特定農業區,透天厝,1141213,4100000.0,272.65,26.73,26.73,153386.0,彰化縣秀水鄉曾褔巷９７號,False,True
2639631087485273590,115S2,埤頭鄉,鄉村區,透天厝,1141227,3900000.0,32.97,46.92,46.92,83120.0,彰化縣埤頭鄉新生路１２２巷２６之３號,False,False
7805012709270990636,115S2,埔心鄉,住,華廈(10層含以下有電梯),1141211,8800000.0,11.09,36.36,36.36,242024.0,彰化縣埔心鄉大信街１３號三樓之２,False,False
6027523428621099453,115S2,埔心鄉,農,其他,1141123,8621868.0,505.93,0.0,505.93,17042.0,霖興段379-4地號,True,False
5598700152066455,115S2,溪湖鎮,住,透天厝,1141109,12000000.0,18.52,43.04,43.04,278810.0,彰化縣溪湖鎮興農街１７１號,False,False
8391078028754211515,115S2,埤頭鄉,鄉村區,透天厝,1141123,10000000.0,216.87,36.97,36.97,270490.0,彰化縣埤頭鄉庄子路２８２巷３３號,False,False
2269794693520609911,115S2,埔心鄉,特定農業區,透天厝,1141128,51680000.0,785.79,94.67,94.67,545896.0,彰化縣埔心鄉新生路６５號,False,False
3838847751817295104,115S2,埔心鄉,鄉村區,其他,1141115,9287072.0,72.91,0.0,72.91,127377.0,太平西段810-13地號,True,False
1990417686089512095,115S2,埔心鄉,農,其他,1141110,1400000.0,39.14,0.0,39.14,35769.0,新興段384-3地號,True,False
4920051244033451738,115S2,埔鹽鄉,鄉村區,透天厝,1141119,9380000.0,36.75,45.5,45.5,206154.0,彰化縣埔鹽鄉好金路１巷８之２９號,False,False
642986911982704878,115S2,秀水鄉,鄉村區,透天厝,1141027,8530000.0,20.57,45.67,45.67,186775.0,彰化縣秀水鄉民生街４２６巷２０之１號,False,False
3916208466195156046,115S2,溪湖鎮,特定農業區,透天厝,1141008,14280000.0,27.26,51.64,51.64,276530.0,彰化縣溪湖鎮彰水路四段４８２巷２１弄１２號,False,False
7330586555606901832,115S2,埔心鄉,鄉村區,其他,1141002,7426123.0,59.41,0.0,59.41,124998.0,太平東段1043地號,True,True
1730964516420168161,115S2,埔心鄉,鄉村區,其他,1141002,3713061.0,29.71,0.0,29.71,124977.0,太平東段1043地號,True,True
4228648013538994219,115S2,溪湖鎮,鄉村區,其他,1141011,6020000.0,64.13,0.0,64.13,93872.0,北勢段990地號,True,False
7544591077205438894,115S2,溪湖鎮,特定農業區,透天厝,1141003,27380000.0,48.71,107.39,107.39,254959.0,彰化縣溪湖鎮彰水路四段４８２巷２１弄２號,False,False
8599971019972447163,115S2,秀水鄉,住,透天厝,1141029,19600000.0,34.05,76.6,76.6,255875.0,彰化縣秀水鄉枋林巷７１之１２號,False,False
7841235078262503827,115S2,埔鹽鄉,鄉村區,透天厝,1141015,8000000.0,31.67,39.25,39.25,203822.0,彰化縣埔鹽鄉好金路１巷８之３１號,False,False
4537641405895358461,115S2,埔鹽鄉,特定農業區,透天厝,1141017,11000000.0,30.25,54.63,54.63,201355.0,彰化縣埔鹽鄉好金路３１之１８號,False,False
1429179767872155480,115S2,埔鹽鄉,特定農業區,透天厝,1141017,11100000.0,32.97,54.63,54.63,203185.0,彰化縣埔鹽鄉好金路３１之１９號,False,False
1048913393351498540,115S2,埔心鄉,住,透天厝,1140930,7500000.0,42.45,44.81,44.81,167373.0,彰化縣埔心鄉員鹿路五段２１２巷３５弄１號,False,False
5570178053799149908,115S2,秀水鄉,特定農業區,其他,1140930,4023900.0,358.01,0.0,358.01,11240.0,陝西段916地號,True,True
7160426958726348316,115S2,秀水鄉,特定農業區,其他,1140925,2720000.0,530.28,0.0,530.28,5129.0,合興段972地號,True,False
8570031129328382340,115S2,秀水鄉,農,其他,1140916,1714240.0,53.24,0.0,53.24,32198.0,東興段778-5地號,True,False
3595764064675656753,115S2,埔鹽鄉,住,其他,1140903,17310987.0,120.75,0.0,120.75,143362.0,新光明段605地號,True,False
6642556455843934384,115S2,秀水鄉,特定農業區,透天厝,1140803,6000000.0,25.41,40.84,40.84,146915.0,彰化縣秀水鄉彰馬街２２４之１０號,False,False
4118837062969188160,115S2,埔鹽鄉,特定農業區,透天厝,1140820,6000000.0,27.53,52.42,52.42,114460.0,彰化縣埔鹽鄉番金路２巷１６之１７號,False,False
6470184649750374017,115S2,埔鹽鄉,特定農業區,其他,1140702,9800000.0,847.0,0.0,847.0,11570.0,成功段1892地號,True,False
8002198697002442101,115S2,埔鹽鄉,鄉村區,透天厝,1140722,9000000.0,34.76,42.88,42.88,209888.0,彰化縣埔鹽鄉好金路１巷８之２７號,False,False
3067130424179117280,115S2,溪湖鎮,特定農業區,華廈(10層含以下有電梯),1140522,7950000.0,11.86,31.26,31.26,254319.0,彰化縣溪湖鎮大溪路青宅巷１３之１號三樓之３,False,False
348165979955213494,115S2,埤頭鄉,鄉村區,其他,1140330,8541600.0,142.37,0.0,142.37,59996.0,彰興段758地號,True,False
630411804351995881,115S2,埤頭鄉,一般農業區,其他,1140330,2200000.0,295.56,0.0,295.56,7443.0,彰興段756地號,True,False
1249545283876340077,115S2,埔鹽鄉,特定農業區,其他,1140314,15173300.0,137.03,0.0,137.03,110730.0,東榮段448-11地號,True,False
711700952859621724,115S2,埔鹽鄉,特定農業區,其他,1140314,324500.0,5.9,0.0,5.9,55000.0,東榮段448-7地號,True,False
5865468519117029144,115S2,埔鹽鄉,住,透天厝,1131216,210000000.0,683.66,1065.42,1065.42,197105.0,彰化縣埔鹽鄉中正路１０７號,False,False
8691791803538910416,115S2,埔心鄉,住,華廈(10層含以下有電梯),1131110,12980000.0,11.05,33.47,33.47,387810.0,彰化縣埔心鄉明泉街１７５號五樓之２,False,False
4253992397592076112,115S2,埔鹽鄉,住,透天厝,1131125,9980000.0,32.01,48.41,48.41,206156.0,彰化縣埔鹽鄉員鹿路二段１１７巷２８弄１０號,False,False
4061321746587266789,115S2,埤頭鄉,鄉村區,透天厝,1131012,15680000.0,61.33,61.92,61.92,253230.0,彰化縣埤頭鄉竹圍路１６５巷１１弄２號,False,False
7574995773726546630,115S2,埤頭鄉,鄉村區,透天厝,1131022,14980000.0,56.43,55.7,55.7,268941.0,彰化縣埤頭鄉竹圍路１６５巷１１弄６號,False,False
3607302214328614153,115S2,埔心鄉,住,華廈(10層含以下有電梯),1130902,6680000.0,6.6,17.24,17.24,387471.0,彰化縣埔心鄉明泉街１７５號四樓之１,False,False
4323358001155285085,115S2,埔心鄉,住,華廈(10層含以下有電梯),1130910,9360000.0,9.21,26.93,26.93,347568.0,彰化縣埔心鄉明泉街１７５號二樓之５,False,False
5385145576027544957,115S2,埔心鄉,住,華廈(10層含以下有電梯),1130803,9480000.0,9.24,26.96,26.96,351632.0,彰化縣埔心鄉明泉街１７５號二樓之３,False,False
7854757820095111609,115S2,埔心鄉,住,華廈(10層含以下有電梯),1130804,11080000.0,9.24,28.76,28.76,385257.0,彰化縣埔心鄉明泉街１７５號五樓之３,False,False
1206902654503349623,115S2,埔心鄉,住,華廈(10層含以下有電梯),1130804,11080000.0,9.21,28.73,28.73,385660.0,彰化縣埔心鄉明泉街１７５號五樓之５,False,False
4914733060502756088,115S2,埔心鄉,住,華廈(10層含以下有電梯),1130803,6580000.0,6.89,17.91,17.91,367393.0,彰化縣埔心鄉明泉街１７５號二樓之１,False,False
2928815615297694847,115S2,埔心鄉,鄉村區,透天厝,1130706,13610000.0,27.63,58.06,58.06,234413.0,彰化縣埔心鄉南昌東路１０９之５號,False,False
2768713967937322602,115S2,埔心鄉,住,華廈(10層含以下有電梯),1130717,6480000.0,6.6,17.24,17.24,375870.0,彰化縣埔心鄉明泉街１７５號五樓之１,False,False
168877034340042226,115S2,埔心鄉,住,華廈(10層含以下有電梯),1130730,13430000.0,11.17,33.67,33.67,398871.0,彰化縣埔心鄉明泉街１７５號二樓之２,False,False
2682555829580249408,115S2,埔心鄉,住,華廈(10層含以下有電梯),1130714,12580000.0,11.05,33.47,33.47,375859.0,彰化縣埔心鄉明泉街１７５號三樓之２,False,False
4635361316161041542,115S2,埔心鄉,住,華廈(10層含以下有電梯),1130709,12680000.0,11.05,33.47,33.47,378847.0,彰化縣埔心鄉明泉街１７５號四樓之２,False,False
2724075985446477583,115S2,埔心鄉,住,華廈(10層含以下有電梯),1130712,9760000.0,9.21,26.93,26.93,362421.0,彰化縣埔心鄉明泉街１７５號三樓之５,False,False
4419614528955952134,115S2,埔心鄉,住,華廈(10層含以下有電梯),1130709,9760000.0,9.21,26.93,26.93,362421.0,彰化縣埔心鄉明泉街１７５號四樓之５,False,False
97407757586722228,115S2,埔心鄉,住,華廈(10層含以下有電梯),1130708,5980000.0,6.6,17.24,17.24,346868.0,彰化縣埔心鄉明泉街１７５號三樓之１,False,False
8447710627869343209,115S2,埔鹽鄉,鄉村區,透天厝,1130715,10400000.0,24.5,45.59,45.59,228120.0,彰化縣埔鹽鄉大新路２巷８３之５３號,False,False
5067181105231355092,115S2,溪湖鎮,住,透天厝,1130712,13600000.0,29.53,50.53,50.53,269147.0,彰化縣溪湖鎮糖南街１５５號,False,False
4119058875537756163,115S2,溪湖鎮,住,透天厝,1130718,13650000.0,25.0,53.9,53.9,253247.0,彰化縣溪湖鎮糖南街２１１號,False,True
3039573614864041146,115S2,溪湖鎮,住,透天厝,1130714,12900000.0,26.64,49.98,49.98,258103.0,彰化縣溪湖鎮糖南街２０３號,False,False
8938236517737949257,115S2,溪湖鎮,住,透天厝,1130702,12600000.0,29.54,50.51,50.51,249456.0,彰化縣溪湖鎮糖南街１８７號,False,False
1735889308029320036,115S2,溪湖鎮,住,透天厝,1130705,12400000.0,33.4,50.51,50.51,245496.0,彰化縣溪湖鎮糖南街１７７號,False,False
7079168359567178638,115S2,溪湖鎮,住,透天厝,1130714,12500000.0,32.26,50.35,50.35,248262.0,彰化縣溪湖鎮糖南街１７５號,False,False
3076812537364065477,115S2,埔心鄉,鄉村區,透天厝,1130621,12600000.0,27.1,52.21,52.21,241333.0,彰化縣埔心鄉南昌東路１０９之６號,False,False
885576739298671555,115S2,埔心鄉,鄉村區,透天厝,1130618,12500000.0,27.14,52.21,52.21,239418.0,彰化縣埔心鄉南昌東路１０９之７號,False,False
79494955161288166,115S2,埔心鄉,鄉村區,透天厝,1130615,15200000.0,36.99,65.67,65.67,231460.0,彰化縣埔心鄉南昌東路１２５號,False,False
3367393337083092525,115S2,埔心鄉,鄉村區,透天厝,1130612,12500000.0,27.18,52.21,52.21,239418.0,彰化縣埔心鄉南昌東路１０９之８號,False,False
8006005948248276912,115S2,溪湖鎮,住,透天厝,1130629,12900000.0,26.64,51.01,51.01,252892.0,彰化縣溪湖鎮糖南街２０５號,False,False
4696201206009419626,115S2,埔鹽鄉,鄉村區,透天厝,1130515,11200000.0,30.25,46.48,46.48,240964.0,彰化縣埔鹽鄉大新路２巷８３之５０號,False,False
5345723374836944006,115S2,埔鹽鄉,鄉村區,透天厝,1130515,10400000.0,24.8,45.59,45.59,228120.0,彰化縣埔鹽鄉大新路２巷８３之５１號,False,False
1327336873535398213,115S2,埔心鄉,住,透天厝,1130512,14380000.0,37.37,45.32,45.32,317299.0,彰化縣埔心鄉員鹿路二段５３４巷１６號,False,False
932802324746618100,115S2,溪湖鎮,住,透天厝,1130518,13600000.0,29.61,50.53,50.53,269147.0,彰化縣溪湖鎮糖南街１５３號,False,False
3614712353018872275,115S2,埔鹽鄉,鄉村區,透天厝,1130401,10000000.0,22.99,45.59,45.59,219346.0,彰化縣埔鹽鄉大新路２巷８３之５６號,False,False
7917533404519187878,115S2,埔心鄉,住,透天厝,1130426,14000000.0,31.69,50.68,50.68,276243.0,彰化縣埔心鄉員鹿路二段５３４巷３０號,False,True
7711097859180498982,115S2,埔心鄉,住,透天厝,1130408,12260000.0,31.97,43.26,43.26,283403.0,彰化縣埔心鄉員鹿路二段５３４巷１８號,False,True
1601345646374779917,115S2,埔心鄉,住,透天厝,1130402,12370000.0,33.08,44.29,44.29,279296.0,彰化縣埔心鄉員鹿路二段５３４巷９弄１１號,False,True
5822397216171211189,115S2,溪湖鎮,住,透天厝,1130416,13500000.0,28.82,50.53,50.53,267168.0,彰化縣溪湖鎮糖南街１５７號,False,False
8092510512493121592,115S2,溪湖鎮,住,透天厝,1130416,13500000.0,28.36,50.53,50.53,267168.0,彰化縣溪湖鎮糖南街１６３號,False,False
950747502438795087,115S2,溪湖鎮,住,透天厝,1130414,12600000.0,30.72,50.51,50.51,249456.0,彰化縣溪湖鎮糖南街１８５號,False,False
3354235413125622253,115S2,溪湖鎮,住,透天厝,1130329,12800000.0,28.19,50.6,50.6,252964.0,彰化縣溪湖鎮糖南街１９７號,False,False
2330577558802210702,115S2,溪湖鎮,住,透天厝,1130323,12500000.0,31.12,50.51,50.51,247476.0,彰化縣溪湖鎮糖南街１８３號,False,False
374436082836704859,115S2,埔心鄉,住,透天厝,1130229,13120000.0,27.94,44.5,44.5,294831.0,彰化縣埔心鄉員鹿路二段５３４巷９弄５號,False,False
8149480708547340654,115S2,溪湖鎮,住,透天厝,1130120,14200000.0,32.11,50.73,50.73,279913.0,彰化縣溪湖鎮糖南街２１９號,False,False
6397346225885747551,115S2,溪湖鎮,住,透天厝,1121019,13700000.0,34.44,51.1,51.1,268102.0,彰化縣溪湖鎮糖南街１５１號,False,False
9142940534734695352,115S2,溪湖鎮,住,透天厝,1120813,13500000.0,28.41,50.53,50.53,267168.0,彰化縣溪湖鎮糖南街１６５號,False,False
7407536608877156191,115S2,溪湖鎮,住,透天厝,1120602,13500000.0,28.88,50.53,50.53,267168.0,彰化縣溪湖鎮糖南街１５９號,False,False
4326319548407222750,115S2,溪湖鎮,住,透天厝,1120613,13600000.0,29.11,50.53,50.53,269147.0,彰化縣溪湖鎮糖南街１６９號,False,False
6953096349480810308,115S2,溪湖鎮,住,透天厝,1120630,12200000.0,27.52,50.6,50.6,241107.0,彰化縣溪湖鎮糖南街１９３號,False,False
2462409354690847600,115S2,溪湖鎮,住,透天厝,1120516,13600000.0,28.66,50.53,50.53,269147.0,彰化縣溪湖鎮糖南街１６７號,False,False
5286263836610813292,115S2,溪湖鎮,住,透天厝,1120516,13700000.0,30.43,50.53,50.53,271126.0,彰化縣溪湖鎮糖南街１７１號,False,False
325268656914163704,115S2,溪湖鎮,住,透天厝,1120527,13700000.0,27.37,54.72,54.72,250365.0,彰化縣溪湖鎮糖南街２１５號,False,False
955509827732120870,115S2,溪湖鎮,住,透天厝,1120516,12900000.0,27.05,49.98,49.98,258103.0,彰化縣溪湖鎮糖南街２０１號,False,False
4432789042403920477,115S2,溪湖鎮,住,透天厝,1120504,13100000.0,39.05,51.01,51.01,256812.0,彰化縣溪湖鎮糖南街２０７號,False,False
4745693473239382104,115S2,溪湖鎮,住,透天厝,1120425,13700000.0,28.75,54.72,54.72,250365.0,彰化縣溪湖鎮糖南街２１７號,False,False
5371960846416669387,115S2,秀水鄉,鄉村區,透天厝,1150211,10600000.0,28.47,45.41,45.41,233429.0,彰化縣秀水鄉金興段古蒼巷26號附近,False,False
7496558187591620971,115S2,秀水鄉,特定農業區,華廈(10層含以下有電梯),1150308,6760000.0,9.08,23.59,23.59,286562.0,彰化縣秀水鄉大厝巷,False,False
6509875306906501637,115S2,秀水鄉,鄉村區,透天厝,1150314,11000000.0,28.82,41.84,41.84,262906.0,彰化縣秀水鄉金興段古蒼巷26號附近,False,False
2333093878115267294,115S2,秀水鄉,鄉村區,透天厝,1150314,11000000.0,28.82,41.84,41.84,262906.0,彰化縣秀水鄉金興段古蒼巷26號附近,False,False
663961952904073026,115S2,溪湖鎮,住,透天厝,1150309,12580000.0,28.49,44.25,44.25,284294.0,彰化縣溪湖鎮崙子腳路大庭巷,False,False
4136488474416876328,115S2,埔心鄉,住,透天厝,1150314,13660000.0,24.28,45.12,45.12,302748.0,彰化縣埔心鄉國義路150巷,False,False
7556009443842583749,115S2,秀水鄉,鄉村區,透天厝,1150321,9980000.0,25.62,41.16,41.16,242468.0,彰化縣秀水鄉金興段古蒼巷26號附近,False,False
5196523100820721201,115S2,埔鹽鄉,鄉村區,透天厝,1150321,7880000.0,28.02,32.62,32.62,241570.0,彰化縣埔鹽鄉大新路,False,False
659346447514018013,115S2,埔心鄉,鄉村區,透天厝,1150329,10580000.0,29.75,40.56,40.56,260848.0,彰化縣埔心鄉五賢路近大溪路三段,False,False
548423149588115190,115S2,埔心鄉,鄉村區,透天厝,1150323,10480000.0,29.75,40.56,40.56,258383.0,彰化縣埔心鄉五賢路近大溪路三段,False,False
5278793781476080997,115S2,埔心鄉,鄉村區,透天厝,1150316,10700000.0,31.19,40.56,40.56,263807.0,彰化縣埔心鄉五賢路近大溪路三段,False,False
4829336517097991192,115S2,埔心鄉,鄉村區,華廈(10層含以下有電梯),1150311,8430000.0,6.18,26.92,26.92,313150.0,彰化縣埔心鄉員鹿路一段,False,False
915199988469714801,115S2,埔心鄉,鄉村區,華廈(10層含以下有電梯),1150313,9150000.0,7.09,30.23,30.23,302679.0,彰化縣埔心鄉員鹿路一段,False,False
6786230258916026503,115S2,溪湖鎮,商,住宅大樓(11層含以上有電梯),1150314,12800000.0,5.94,43.61,43.61,293511.0,彰化縣溪湖鎮光平街109號旁,False,False
2391828383116127196,115S2,埔心鄉,鄉村區,透天厝,1150412,12880000.0,37.25,46.85,46.85,274920.0,彰化縣埔心鄉五賢路近大溪路三段,False,False
886111318664787982,115S2,埔心鄉,鄉村區,透天厝,1150315,18200000.0,28.62,77.59,77.59,234566.0,彰化縣埔心鄉大溪路二段,False,False
4444616246225993255,115S2,埔心鄉,鄉村區,透天厝,1150316,14480000.0,25.63,61.79,61.79,234342.0,彰化縣埔心鄉大溪路二段,False,False
3699635474075794701,115S2,埔心鄉,鄉村區,透天厝,1150315,18500000.0,30.0,78.65,78.65,235219.0,彰化縣埔心鄉大溪路二段,False,False
768700788913441584,115S2,秀水鄉,鄉村區,透天厝,1150412,10300000.0,25.02,40.25,40.25,255901.0,彰化縣秀水鄉金興段古蒼巷26號附近,False,False
8176759794755353502,115S2,埔心鄉,鄉村區,透天厝,1150322,18250000.0,28.93,77.59,77.59,235211.0,彰化縣埔心鄉大溪路二段,False,False
2798925877417374633,115S2,埔心鄉,鄉村區,透天厝,1150323,18920000.0,28.96,82.11,82.11,230423.0,彰化縣埔心鄉大溪路二段,False,True
2321400949229916262,115S2,埔心鄉,鄉村區,透天厝,1150324,19020000.0,29.75,82.11,82.11,231640.0,彰化縣埔心鄉大溪路二段,False,True
4322334664057960037,115S2,埔心鄉,鄉村區,透天厝,1150322,11600000.0,30.1,43.08,43.08,269266.0,彰化縣埔心鄉大溪路二段,False,False
1277304152637743725,115S2,埔心鄉,鄉村區,透天厝,1150330,11800000.0,32.46,43.0,43.0,274419.0,彰化縣埔心鄉大溪路二段,False,False
5702178886264037121,115S2,埔心鄉,鄉村區,透天厝,1150411,18300000.0,28.56,77.59,77.59,235855.0,彰化縣埔心鄉大溪路二段,False,False
2825367804327455687,115S2,埔心鄉,鄉村區,透天厝,1150411,12380000.0,30.89,45.65,45.65,271194.0,彰化縣埔心鄉大溪路二段,False,False
782097033347002029,115S2,埔心鄉,鄉村區,透天厝,1150327,12650000.0,33.2,45.65,45.65,277108.0,彰化縣埔心鄉大溪路二段,False,False
1503698067237820444,115S2,埔鹽鄉,鄉村區,透天厝,1150420,8300000.0,33.09,32.86,32.86,252587.0,彰化縣埔鹽鄉大新路,False,False
7817821767248966602,115S2,溪湖鎮,住,透天厝,1150415,18800000.0,39.35,57.78,57.78,325372.0,彰化縣溪湖鎮彰化縣溪湖鎮大溪路二段73巷,False,False
246983256001435443,115S2,埔心鄉,鄉村區,透天厝,1150418,9830000.0,27.63,42.37,42.37,232004.0,彰化縣埔心鄉五賢路近大溪路三段,False,False
8152995735296389889,115S2,秀水鄉,住,住宅大樓(11層含以上有電梯),1150424,11000000.0,9.34,36.85,36.85,298507.0,彰化縣秀水鄉彰水路一段764號旁,False,False
7946138287888956738,115S2,溪湖鎮,住,華廈(10層含以下有電梯),1150420,10430000.0,12.62,32.63,32.63,319644.0,彰化縣溪湖鎮彰水路四段235巷91號對面,False,False
8093001342620089837,115S2,秀水鄉,鄉村區,透天厝,1150428,9980000.0,24.96,40.25,40.25,247950.0,彰化縣秀水鄉金興段古蒼巷26號附近,False,False
2965461673291397234,115S2,溪湖鎮,鄉村區,透天厝,1150424,11520000.0,27.1,41.32,41.32,278800.0,彰化縣溪湖鎮湳底路,False,False
6606111800490923454,115S2,溪湖鎮,住,透天厝,1150425,13800000.0,33.26,46.65,46.65,295820.0,彰化縣溪湖鎮崙子腳路大庭巷,False,False
8059648833181988592,115S2,埔心鄉,鄉村區,透天厝,1150426,11700000.0,32.53,43.0,43.0,272093.0,彰化縣埔心鄉大溪路二段,False,False
1836726872765588846,115S2,埔心鄉,鄉村區,透天厝,1150503,11500000.0,29.12,43.0,43.0,267442.0,彰化縣埔心鄉大溪路二段,False,False
